-- phpMyAdmin SQL Dump
-- version 4.6.0
-- http://www.phpmyadmin.net
--
-- Máy chủ: 127.0.0.1
-- Thời gian đã tạo: Th2 21, 2017 lúc 11:58 CH
-- Phiên bản máy phục vụ: 5.6.25
-- Phiên bản PHP: 5.6.11

SET SQL_MODE = "NO_AUTO_VALUE_ON_ZERO";
SET time_zone = "+00:00";


/*!40101 SET @OLD_CHARACTER_SET_CLIENT=@@CHARACTER_SET_CLIENT */;
/*!40101 SET @OLD_CHARACTER_SET_RESULTS=@@CHARACTER_SET_RESULTS */;
/*!40101 SET @OLD_COLLATION_CONNECTION=@@COLLATION_CONNECTION */;
/*!40101 SET NAMES utf8mb4 */;

--
-- Cơ sở dữ liệu: `news_hq`
--

-- --------------------------------------------------------

--
-- Cấu trúc bảng cho bảng `quan_tri_vien`
--

CREATE TABLE `quan_tri_vien` (
  `Ma_tai_khoan` int(11) NOT NULL,
  `Ten_dang_nhap` varchar(255) NOT NULL,
  `Mat_khau` varchar(255) NOT NULL,
  `Email` varchar(255) NOT NULL,
  `Ho_ten` varchar(255) NOT NULL
) ENGINE=InnoDB DEFAULT CHARSET=utf8;

--
-- Đang đổ dữ liệu cho bảng `quan_tri_vien`
--

INSERT INTO `quan_tri_vien` (`Ma_tai_khoan`, `Ten_dang_nhap`, `Mat_khau`, `Email`, `Ho_ten`) VALUES
(1, 'admin', '7c11edf9a563c41374b2653356e27906', 'admin@newshq.com', 'Trần Dương Minh Hải'),
(2, 'thanhqquan', '92de4ab2220b1792e5a992c145f4b56f', 'quan.hnt3777@gmail.com', 'Huỳnh Nguyễn Thanh Quan'),
(3, 'admin1', '7c11edf9a563c41374b2653356e27906', 'admin1@gmail.com', 'Trần Dương Minh Hải');

-- --------------------------------------------------------

--
-- Cấu trúc bảng cho bảng `the_loai`
--

CREATE TABLE `the_loai` (
  `Ma_the_loai` int(11) NOT NULL,
  `Ten_the_loai` varchar(255) NOT NULL
) ENGINE=InnoDB DEFAULT CHARSET=utf8;

--
-- Đang đổ dữ liệu cho bảng `the_loai`
--

INSERT INTO `the_loai` (`Ma_the_loai`, `Ten_the_loai`) VALUES
(1, 'Công Nghệ'),
(2, 'Đời sống'),
(3, 'Kinh tế'),
(4, 'Giáo dục'),
(5, 'Văn hóa - Giải trí'),
(6, 'Du lịch');

-- --------------------------------------------------------

--
-- Cấu trúc bảng cho bảng `the_loai_chi_tiet`
--

CREATE TABLE `the_loai_chi_tiet` (
  `Ma_the_loai_chi_tiet` int(11) NOT NULL,
  `Ten_the_loai_chi_tiet` varchar(255) NOT NULL,
  `Ma_the_loai` int(11) NOT NULL
) ENGINE=InnoDB DEFAULT CHARSET=utf8;

--
-- Đang đổ dữ liệu cho bảng `the_loai_chi_tiet`
--

INSERT INTO `the_loai_chi_tiet` (`Ma_the_loai_chi_tiet`, `Ten_the_loai_chi_tiet`, `Ma_the_loai`) VALUES
(11, 'Công nghệ - đời sống', 2),
(16, 'công nghệ - dịch vụ', 1),
(17, 'công nghệ - giáo dục', 4),
(18, 'Văn hóa - Giải trí', 5),
(24, 'Công nghệ - cộng đồng', 1);

-- --------------------------------------------------------

--
-- Cấu trúc bảng cho bảng `tin_tuc`
--

CREATE TABLE `tin_tuc` (
  `Ma_tin_tuc` int(11) NOT NULL,
  `Ten_tin_tuc` varchar(255) NOT NULL,
  `Noi_dung_chi_tiet` text NOT NULL,
  `Noi_dung_tom_gon` text NOT NULL,
  `Thoi_gian_dang` date NOT NULL,
  `Ma_tai_khoan` int(11) NOT NULL,
  `Ma_the_loai_chi_tiet` int(11) NOT NULL,
  `SL_nguoi_doc` int(11) NOT NULL
) ENGINE=InnoDB DEFAULT CHARSET=utf8;

--
-- Đang đổ dữ liệu cho bảng `tin_tuc`
--

INSERT INTO `tin_tuc` (`Ma_tin_tuc`, `Ten_tin_tuc`, `Noi_dung_chi_tiet`, `Noi_dung_tom_gon`, `Thoi_gian_dang`, `Ma_tai_khoan`, `Ma_the_loai_chi_tiet`, `SL_nguoi_doc`) VALUES
(5, 'test', 'test', 'test', '2017-02-02', 3, 11, 0),
(8, 'tin mới 2', 'dasdasdasdasdasdasdas', 'asdads', '2017-02-21', 2, 11, 0),
(9, 'tin mới 3', 'dasdasdasdasdasd', 'adasd', '2017-02-21', 2, 11, 0),
(10, 'Hiểu rằng không thể dùng chiêu bài Sơn Tùng mãi được, Oppo nay đã tính đường lên cao cấp', '<div class="knc-content" id="ContentDetail">\r\n<p><span class="IMSNoChangeStyle" style="font-size:20px;"><strong>Dịch chuyển dần lên phân khúc cao cấp </strong></span></p>\r\n\r\n<p>Mới đây, Oppo Việt Nam đã mở một số cửa hàng trải nghiệm sản phẩm trên cả nước. Theo ông Đặng Quốc Cường, Giám đốc tiếp thị của Oppo Việt Nam thì các cửa hàng này sẽ chính thức lên sóng vào khoảng giữa tháng 3-4 năm nay.</p>\r\n\r\n<p class="VCSortableInPreviewModeWrapper"><div class="VCSortableInPreviewMode IMSCurrentEditorEditObject" type="Photo" style="width: 640px;">\r\n<div><img alt="\r\nMột cửa hàng trải nghiệm của Oppo\r\n" id="img_812b10f0-f7ea-11e6-b49a-e10163e92f04" photoid="812b10f0-f7ea-11e6-b49a-e10163e92f04" src="http://genknews.genkcdn.vn/thumb_w/640/2017/14370328-345380802463993-5689114300910442365-n-1487649726175.jpg" rel="http://genknews.genkcdn.vn/2017/14370328-345380802463993-5689114300910442365-n-1487649726175.jpg" type="photo" h="720" w="960" style="max-width: 100%; cursor: none;" data-original="http://genknews.genkcdn.vn/2017/14370328-345380802463993-5689114300910442365-n-1487649726175.jpg"></div>\r\n\r\n<div class="PhotoCMS_Caption" style="width: 620px; margin: auto;">\r\n<p style="text-align:center;margin:0px;">Một cửa hàng trải nghiệm của Oppo</p>\r\n</div>\r\n</div></p>\r\n\r\n<p><strong>Lý do của việc mở ra những cửa hàng trải nghiệm này cũng nằm trong chiến lược khuếch trương thương hiệu và tấn công dần vào phân khúc điện thoại cao cấp</strong> – thị trường không chỉ Oppo mà các thương hiệu ngang tầm như Huawei, Xiaomi, Vivo,... cũng đang muốn khai phá.</p>\r\n\r\n<p>Oppo từng rất thành công trong phủ sóng tên tuổi tới một lượng lớn người dùng, chốt hạ một năm 2016 chắc chân với mức thị phần cao thứ hai tại Việt Nam, chỉ sau ông lớn Samsung. Tuy nhiên, nếu chỉ mãi tập trung vào phương thức bán smartphone tầm thấp đến trung bằng các chiến lược marketing tốn kém (tiêu biểu là việc chọn <a class="link-inline-content" draggable="false" href="http://genk.vn/tu-chuyen-bitis-va-son-tung-moi-thay-oppo-qua-thuc-rat-cao-va-cac-hang-cung-dang-lam-theo-ho-20170103163957482.chn" target="_blank">Sơn Tùng và các KOL</a> nổi tiếng trên mạng xã hội làm gương mặt đại diện hay liên tục tài trợ cho các show truyền hình ăn khách) thì lợi nhuận của Oppo sẽ khó lòng gia tăng.</p>\r\n\r\n<p>Chiến lược dịch chuyển dần lên phân khúc cao cấp cũng đang là <a class="link-inline-content" draggable="false" href="http://genk.vn/nhin-tu-doanh-so-galaxy-a-2017-de-bep-note7-j7-prime-nhan-ngay-ra-thoi-quen-mua-sam-cua-nguoi-viet-da-thay-doi-20170220161130862.chn" target="_blank">xu hướng</a> trong ngành smartphone, khi mà người dùng ngày càng sẵn sàng chịu chi hơn cho những chiếc máy dùng tốt chứ không phải những chiếc máy “làng nhàng” để rồi liên tục phải lên đời.</p>\r\n\r\n<p class="VCSortableInPreviewModeWrapper"><div class="VCSortableInPreviewMode" type="Photo" style="width: 578px;">\r\n<div><img alt="\r\nTrong khi thị phần smartphone giá rẻ liên tục tụt giảm, thị phần máy cận cao cấp 6-10 triệu lại gia tăng nhanh chóng trong năm qua (Số liệu: GfK)\r\n" id="img_cd73d5a0-f74a-11e6-896b-17b31d47e829" photoid="cd73d5a0-f74a-11e6-896b-17b31d47e829" src="http://genknews.genkcdn.vn/2017/photo-0-1487567466350-1487581131118.jpg" rel="http://genknews.genkcdn.vn/2017/photo-0-1487567466350-1487581131118.jpg" type="photo" h="483" w="578" style="max-width:100%;" data-original="http://genknews.genkcdn.vn/2017/photo-0-1487567466350-1487581131118.jpg"></div>\r\n\r\n<div class="PhotoCMS_Caption" style="width: 558px; margin: auto;">\r\n<p style="text-align:center;margin:0px;">Trong khi thị phần smartphone giá rẻ liên tục tụt giảm, thị phần máy cận cao cấp 6-10 triệu lại gia tăng nhanh chóng trong năm qua (Số liệu: GfK)</p>\r\n</div>\r\n</div></p>\r\n\r\n<p>Trong khi đó, tuy lượng bán và độ phủ không cao bằng nhưng các dòng máy cao cấp sẽ mang về mức lợi nhuận cùng uy tín thương hiệu cao hơn hẳn cho một hãng còn non trẻ như Oppo. Và đương nhiên, với các dòng cao cấp, cách tốt nhất để tiếp cận khách hàng là cho họ một không gian được thử nghiệm sản phẩm, được nghe nhân viên tư vấn về việc tại sao nó đáng mua.</p>\r\n\r\n<p><span class="IMSNoChangeStyle" style="font-size:20px;"><strong>Thách thức còn đó?</strong></span></p>\r\n\r\n<p>Oppo có vẻ như sẽ rất tham vọng với chiến lược đánh lên phân khúc cao trong năm 2017, nhưng chắc chắn sẽ không tránh khỏi thách thức từ các tên tuổi lâu đời trên thị trường smartphone.</p>\r\n\r\n<p>Phân khúc cao cấp trước nay luôn được hai ông lớn Apple và Samsung ngự trị với quá nhiều thâm niên trong việc xây dựng các tính năng và chi tiết cao cấp.</p>\r\n\r\n<p>Nếu muốn cạnh tranh với những nhãn hàng mới nổi như Oppo, Apple và Samsung chỉ việc đưa một số tính năng cao cấp vào những dòng máy cận cao cấp như Galaxy A hay iPhone SE. Ngược lại, với danh mục hầu hết là các mẫu máy cấu hình làng nhàng, thiết kế vay mượn quá nhiều từ iPhone và hầu hết chỉ nhấn vào camera, Oppo có thể sẽ khó lòng chinh phục được những khách hàng sành sỏi, nhất là khi mà ấn tượng in hằn của hầu hết người dùng là những chiếc máy giá rẻ phục vụ cho...selfie.</p>\r\n\r\n<p>Nhìn chung, chúng ta có thể kỳ vọng một năm 2017 của Oppo với thị phần chung thu hẹp lại để dành chỗ cho chiều sâu. Tuy nhiên, cuộc chiến tranh giành trái tim người dùng chắc chắn sẽ rất khốc liệt cho thương hiệu mới nổi đến từ Trung Quốc.</p>\r\n\r\n</div>', 'Mới đây, Oppo Việt Nam đã mở một số cửa hàng trải nghiệm sản phẩm trên cả nước. Theo ông Đặng Quốc Cường, Giám đốc tiếp thị của Oppo Việt Nam thì các cửa hàng này sẽ chính thức lên sóng vào khoảng giữa tháng 3-4 năm nay.\r\n\r\n\r\nMột cửa hàng trải nghiệm của Oppo\r\n', '2017-02-20', 3, 11, 0),
(11, 'Hiểu rằng không thể dùng chiêu bài Sơn Tùng mãi được, Oppo nay đã tính đường lên cao cấp', '<div class="knc-content" id="ContentDetail">\r\n<p><span class="IMSNoChangeStyle" style="font-size:20px;"><strong>Dịch chuyển dần lên phân khúc cao cấp </strong></span></p>\r\n\r\n<p>Mới đây, Oppo Việt Nam đã mở một số cửa hàng trải nghiệm sản phẩm trên cả nước. Theo ông Đặng Quốc Cường, Giám đốc tiếp thị của Oppo Việt Nam thì các cửa hàng này sẽ chính thức lên sóng vào khoảng giữa tháng 3-4 năm nay.</p>\r\n\r\n<p class="VCSortableInPreviewModeWrapper"><div class="VCSortableInPreviewMode IMSCurrentEditorEditObject" type="Photo" style="width: 640px;">\r\n<div><img alt="\r\nMột cửa hàng trải nghiệm của Oppo\r\n" id="img_812b10f0-f7ea-11e6-b49a-e10163e92f04" photoid="812b10f0-f7ea-11e6-b49a-e10163e92f04" src="http://genknews.genkcdn.vn/thumb_w/640/2017/14370328-345380802463993-5689114300910442365-n-1487649726175.jpg" rel="http://genknews.genkcdn.vn/2017/14370328-345380802463993-5689114300910442365-n-1487649726175.jpg" type="photo" h="720" w="960" style="max-width: 100%; cursor: none;" data-original="http://genknews.genkcdn.vn/2017/14370328-345380802463993-5689114300910442365-n-1487649726175.jpg"></div>\r\n\r\n<div class="PhotoCMS_Caption" style="width: 620px; margin: auto;">\r\n<p style="text-align:center;margin:0px;">Một cửa hàng trải nghiệm của Oppo</p>\r\n</div>\r\n</div></p>\r\n\r\n<p><strong>Lý do của việc mở ra những cửa hàng trải nghiệm này cũng nằm trong chiến lược khuếch trương thương hiệu và tấn công dần vào phân khúc điện thoại cao cấp</strong> – thị trường không chỉ Oppo mà các thương hiệu ngang tầm như Huawei, Xiaomi, Vivo,... cũng đang muốn khai phá.</p>\r\n\r\n<p>Oppo từng rất thành công trong phủ sóng tên tuổi tới một lượng lớn người dùng, chốt hạ một năm 2016 chắc chân với mức thị phần cao thứ hai tại Việt Nam, chỉ sau ông lớn Samsung. Tuy nhiên, nếu chỉ mãi tập trung vào phương thức bán smartphone tầm thấp đến trung bằng các chiến lược marketing tốn kém (tiêu biểu là việc chọn <a class="link-inline-content" draggable="false" href="http://genk.vn/tu-chuyen-bitis-va-son-tung-moi-thay-oppo-qua-thuc-rat-cao-va-cac-hang-cung-dang-lam-theo-ho-20170103163957482.chn" target="_blank">Sơn Tùng và các KOL</a> nổi tiếng trên mạng xã hội làm gương mặt đại diện hay liên tục tài trợ cho các show truyền hình ăn khách) thì lợi nhuận của Oppo sẽ khó lòng gia tăng.</p>\r\n\r\n<p>Chiến lược dịch chuyển dần lên phân khúc cao cấp cũng đang là <a class="link-inline-content" draggable="false" href="http://genk.vn/nhin-tu-doanh-so-galaxy-a-2017-de-bep-note7-j7-prime-nhan-ngay-ra-thoi-quen-mua-sam-cua-nguoi-viet-da-thay-doi-20170220161130862.chn" target="_blank">xu hướng</a> trong ngành smartphone, khi mà người dùng ngày càng sẵn sàng chịu chi hơn cho những chiếc máy dùng tốt chứ không phải những chiếc máy “làng nhàng” để rồi liên tục phải lên đời.</p>\r\n\r\n<p class="VCSortableInPreviewModeWrapper"><div class="VCSortableInPreviewMode" type="Photo" style="width: 578px;">\r\n<div><img alt="\r\nTrong khi thị phần smartphone giá rẻ liên tục tụt giảm, thị phần máy cận cao cấp 6-10 triệu lại gia tăng nhanh chóng trong năm qua (Số liệu: GfK)\r\n" id="img_cd73d5a0-f74a-11e6-896b-17b31d47e829" photoid="cd73d5a0-f74a-11e6-896b-17b31d47e829" src="http://genknews.genkcdn.vn/2017/photo-0-1487567466350-1487581131118.jpg" rel="http://genknews.genkcdn.vn/2017/photo-0-1487567466350-1487581131118.jpg" type="photo" h="483" w="578" style="max-width:100%;" data-original="http://genknews.genkcdn.vn/2017/photo-0-1487567466350-1487581131118.jpg"></div>\r\n\r\n<div class="PhotoCMS_Caption" style="width: 558px; margin: auto;">\r\n<p style="text-align:center;margin:0px;">Trong khi thị phần smartphone giá rẻ liên tục tụt giảm, thị phần máy cận cao cấp 6-10 triệu lại gia tăng nhanh chóng trong năm qua (Số liệu: GfK)</p>\r\n</div>\r\n</div></p>\r\n\r\n<p>Trong khi đó, tuy lượng bán và độ phủ không cao bằng nhưng các dòng máy cao cấp sẽ mang về mức lợi nhuận cùng uy tín thương hiệu cao hơn hẳn cho một hãng còn non trẻ như Oppo. Và đương nhiên, với các dòng cao cấp, cách tốt nhất để tiếp cận khách hàng là cho họ một không gian được thử nghiệm sản phẩm, được nghe nhân viên tư vấn về việc tại sao nó đáng mua.</p>\r\n\r\n<p><span class="IMSNoChangeStyle" style="font-size:20px;"><strong>Thách thức còn đó?</strong></span></p>\r\n\r\n<p>Oppo có vẻ như sẽ rất tham vọng với chiến lược đánh lên phân khúc cao trong năm 2017, nhưng chắc chắn sẽ không tránh khỏi thách thức từ các tên tuổi lâu đời trên thị trường smartphone.</p>\r\n\r\n<p>Phân khúc cao cấp trước nay luôn được hai ông lớn Apple và Samsung ngự trị với quá nhiều thâm niên trong việc xây dựng các tính năng và chi tiết cao cấp.</p>\r\n\r\n<p>Nếu muốn cạnh tranh với những nhãn hàng mới nổi như Oppo, Apple và Samsung chỉ việc đưa một số tính năng cao cấp vào những dòng máy cận cao cấp như Galaxy A hay iPhone SE. Ngược lại, với danh mục hầu hết là các mẫu máy cấu hình làng nhàng, thiết kế vay mượn quá nhiều từ iPhone và hầu hết chỉ nhấn vào camera, Oppo có thể sẽ khó lòng chinh phục được những khách hàng sành sỏi, nhất là khi mà ấn tượng in hằn của hầu hết người dùng là những chiếc máy giá rẻ phục vụ cho...selfie.</p>\r\n\r\n<p>Nhìn chung, chúng ta có thể kỳ vọng một năm 2017 của Oppo với thị phần chung thu hẹp lại để dành chỗ cho chiều sâu. Tuy nhiên, cuộc chiến tranh giành trái tim người dùng chắc chắn sẽ rất khốc liệt cho thương hiệu mới nổi đến từ Trung Quốc.</p>\r\n\r\n</div>', 'Mới đây, Oppo Việt Nam đã mở một số cửa hàng trải nghiệm sản phẩm trên cả nước. Theo ông Đặng Quốc Cường, Giám đốc tiếp thị của Oppo Việt Nam thì các cửa hàng này sẽ chính thức lên sóng vào khoảng giữa tháng 3-4 năm nay.', '2017-02-20', 3, 11, 0),
(12, 'Hiểu rằng không thể dùng chiêu bài Sơn Tùng mãi được, Oppo nay đã tính đường lên cao cấp', '<div class="knc-content" id="ContentDetail">\r\n<p><span class="IMSNoChangeStyle" style="font-size:20px;"><strong>Dịch chuyển dần lên phân khúc cao cấp </strong></span></p>\r\n\r\n<p>Mới đây, Oppo Việt Nam đã mở một số cửa hàng trải nghiệm sản phẩm trên cả nước. Theo ông Đặng Quốc Cường, Giám đốc tiếp thị của Oppo Việt Nam thì các cửa hàng này sẽ chính thức lên sóng vào khoảng giữa tháng 3-4 năm nay.</p>\r\n\r\n<p class="VCSortableInPreviewModeWrapper"><div class="VCSortableInPreviewMode IMSCurrentEditorEditObject" type="Photo" style="width: 640px;">\r\n<div><img alt="\r\nMột cửa hàng trải nghiệm của Oppo\r\n" id="img_812b10f0-f7ea-11e6-b49a-e10163e92f04" photoid="812b10f0-f7ea-11e6-b49a-e10163e92f04" src="http://genknews.genkcdn.vn/thumb_w/640/2017/14370328-345380802463993-5689114300910442365-n-1487649726175.jpg" rel="http://genknews.genkcdn.vn/2017/14370328-345380802463993-5689114300910442365-n-1487649726175.jpg" type="photo" h="720" w="960" style="max-width: 100%; cursor: none;" data-original="http://genknews.genkcdn.vn/2017/14370328-345380802463993-5689114300910442365-n-1487649726175.jpg"></div>\r\n\r\n<div class="PhotoCMS_Caption" style="width: 620px; margin: auto;">\r\n<p style="text-align:center;margin:0px;">Một cửa hàng trải nghiệm của Oppo</p>\r\n</div>\r\n</div></p>\r\n\r\n<p><strong>Lý do của việc mở ra những cửa hàng trải nghiệm này cũng nằm trong chiến lược khuếch trương thương hiệu và tấn công dần vào phân khúc điện thoại cao cấp</strong> – thị trường không chỉ Oppo mà các thương hiệu ngang tầm như Huawei, Xiaomi, Vivo,... cũng đang muốn khai phá.</p>\r\n\r\n<p>Oppo từng rất thành công trong phủ sóng tên tuổi tới một lượng lớn người dùng, chốt hạ một năm 2016 chắc chân với mức thị phần cao thứ hai tại Việt Nam, chỉ sau ông lớn Samsung. Tuy nhiên, nếu chỉ mãi tập trung vào phương thức bán smartphone tầm thấp đến trung bằng các chiến lược marketing tốn kém (tiêu biểu là việc chọn <a class="link-inline-content" draggable="false" href="http://genk.vn/tu-chuyen-bitis-va-son-tung-moi-thay-oppo-qua-thuc-rat-cao-va-cac-hang-cung-dang-lam-theo-ho-20170103163957482.chn" target="_blank">Sơn Tùng và các KOL</a> nổi tiếng trên mạng xã hội làm gương mặt đại diện hay liên tục tài trợ cho các show truyền hình ăn khách) thì lợi nhuận của Oppo sẽ khó lòng gia tăng.</p>\r\n\r\n<p>Chiến lược dịch chuyển dần lên phân khúc cao cấp cũng đang là <a class="link-inline-content" draggable="false" href="http://genk.vn/nhin-tu-doanh-so-galaxy-a-2017-de-bep-note7-j7-prime-nhan-ngay-ra-thoi-quen-mua-sam-cua-nguoi-viet-da-thay-doi-20170220161130862.chn" target="_blank">xu hướng</a> trong ngành smartphone, khi mà người dùng ngày càng sẵn sàng chịu chi hơn cho những chiếc máy dùng tốt chứ không phải những chiếc máy “làng nhàng” để rồi liên tục phải lên đời.</p>\r\n\r\n<p class="VCSortableInPreviewModeWrapper"><div class="VCSortableInPreviewMode" type="Photo" style="width: 578px;">\r\n<div><img alt="\r\nTrong khi thị phần smartphone giá rẻ liên tục tụt giảm, thị phần máy cận cao cấp 6-10 triệu lại gia tăng nhanh chóng trong năm qua (Số liệu: GfK)\r\n" id="img_cd73d5a0-f74a-11e6-896b-17b31d47e829" photoid="cd73d5a0-f74a-11e6-896b-17b31d47e829" src="http://genknews.genkcdn.vn/2017/photo-0-1487567466350-1487581131118.jpg" rel="http://genknews.genkcdn.vn/2017/photo-0-1487567466350-1487581131118.jpg" type="photo" h="483" w="578" style="max-width:100%;" data-original="http://genknews.genkcdn.vn/2017/photo-0-1487567466350-1487581131118.jpg"></div>\r\n\r\n<div class="PhotoCMS_Caption" style="width: 558px; margin: auto;">\r\n<p style="text-align:center;margin:0px;">Trong khi thị phần smartphone giá rẻ liên tục tụt giảm, thị phần máy cận cao cấp 6-10 triệu lại gia tăng nhanh chóng trong năm qua (Số liệu: GfK)</p>\r\n</div>\r\n</div></p>\r\n\r\n<p>Trong khi đó, tuy lượng bán và độ phủ không cao bằng nhưng các dòng máy cao cấp sẽ mang về mức lợi nhuận cùng uy tín thương hiệu cao hơn hẳn cho một hãng còn non trẻ như Oppo. Và đương nhiên, với các dòng cao cấp, cách tốt nhất để tiếp cận khách hàng là cho họ một không gian được thử nghiệm sản phẩm, được nghe nhân viên tư vấn về việc tại sao nó đáng mua.</p>\r\n\r\n<p><span class="IMSNoChangeStyle" style="font-size:20px;"><strong>Thách thức còn đó?</strong></span></p>\r\n\r\n<p>Oppo có vẻ như sẽ rất tham vọng với chiến lược đánh lên phân khúc cao trong năm 2017, nhưng chắc chắn sẽ không tránh khỏi thách thức từ các tên tuổi lâu đời trên thị trường smartphone.</p>\r\n\r\n<p>Phân khúc cao cấp trước nay luôn được hai ông lớn Apple và Samsung ngự trị với quá nhiều thâm niên trong việc xây dựng các tính năng và chi tiết cao cấp.</p>\r\n\r\n<p>Nếu muốn cạnh tranh với những nhãn hàng mới nổi như Oppo, Apple và Samsung chỉ việc đưa một số tính năng cao cấp vào những dòng máy cận cao cấp như Galaxy A hay iPhone SE. Ngược lại, với danh mục hầu hết là các mẫu máy cấu hình làng nhàng, thiết kế vay mượn quá nhiều từ iPhone và hầu hết chỉ nhấn vào camera, Oppo có thể sẽ khó lòng chinh phục được những khách hàng sành sỏi, nhất là khi mà ấn tượng in hằn của hầu hết người dùng là những chiếc máy giá rẻ phục vụ cho...selfie.</p>\r\n\r\n<p>Nhìn chung, chúng ta có thể kỳ vọng một năm 2017 của Oppo với thị phần chung thu hẹp lại để dành chỗ cho chiều sâu. Tuy nhiên, cuộc chiến tranh giành trái tim người dùng chắc chắn sẽ rất khốc liệt cho thương hiệu mới nổi đến từ Trung Quốc.</p>\r\n\r\n</div>', 'Mới đây, Oppo Việt Nam đã mở một số cửa hàng trải nghiệm sản phẩm trên cả nước. Theo ông Đặng Quốc Cường, Giám đốc tiếp thị của Oppo Việt Nam thì các cửa hàng này sẽ chính thức lên sóng vào khoảng giữa tháng 3-4 năm nay.', '2017-02-20', 3, 11, 0),
(13, 'Chưa cần đến Galaxy S7 edge, chỉ riêng Galaxy A đã đủ khiến Apple dè chừng Samsung', '<div class="knc-content" id="ContentDetail">\r\n<p>Không chỉ vậy, “những thầy phù thủy xứ Cupertino” cũng được biết tới là hết sức “sang chảnh”, không bao giờ chịu ra mắt những smartphone hay tablet, laptop giá “mềm” mà chúng chỉ tự hạ khi thế hệ mới được ra mắt. Chắc hẳn ai ai cũng muốn sở hữu một chiếc điện thoại mang lại những trải nghiệm mà những “chú dế” flagship cao cấp có, thế nhưng không phải tất cả mọi người đều có đủ khả năng mở hầu bao chi trả một số tiền khá lớn cho smartphone.</p>\r\n\r\n<p class="VCSortableInPreviewModeWrapper"><div class="VCSortableInPreviewMode" type="Photo" style="width: 640px;">\r\n<div><img src="http://channel.vcmedia.vn/prupload/441/2017/02/img20170221093617727.jpg" type="photo" style="max-width: 100%;" data-original="http://channel.vcmedia.vn/prupload/441/2017/02/img20170221093617727.jpg"></div>\r\n</div></p>\r\n\r\n<p>Nắm bắt được tâm lý này, năm 2015, Samsung đã lần đầu tiên ra mắt dòng sản phẩm Galaxy A với thiết kế khung viền kim loại sang trọng, mang tính đột phá cùng với hiệu năng cao cấp không kém gì dòng Galaxy S và Galaxy Note của mình. Chưa đầy một năm sau, gã khổng lồ Hàn Quốc tiếp tục tấn công vào phân khúc cận cao cấp khi mang nhiều cải tiến mới cho Galaxy A 2016 như thiết kế hai mặt kính lấy cảm hứng từ smartphone đầu bảng Galaxy S6, Galaxy Note 5 cùng camera sắc nét, cảm biến vân tay cực nhạy.</p>\r\n\r\n<p>Năm nay, ông lớn xứ kim chi tiếp tục ưu ái trang bị cho dòng Galaxy A 2017 ngoại hình bắt mắt như “đàn anh” Galaxy S7/S7 edge với những đường cong mềm mại, lần đầu tiên xuất hiện camera selfie độ phân giải lên tới 16MP trên điện thoại nhà Samsung. A5/A7 phiên bản năm nay cũng là một trong những smartphone đầu tiên của họ thay thế cổng giao tiếp microUSB với cổng kết nối USB type C thời thượng, cho tốc độ truyền tải nhanh hơn cũng như thuận tiện khi sử dụng. Đặc biệt là chúng còn có khả năng chống nước, chống bụi đạt chuẩn IP68 – vượt mặt cả chiếc iPhone 7 “sang chảnh” của Táo khuyết khi chỉ có IP67.</p>\r\n\r\n<p class="VCSortableInPreviewModeWrapper"><div class="VCSortableInPreviewMode" type="Photo" style="width: 640px;">\r\n<div><img src="http://channel.vcmedia.vn/prupload/441/2017/02/img20170221093617806.jpg" type="photo" style="max-width: 100%;" data-original="http://channel.vcmedia.vn/prupload/441/2017/02/img20170221093617806.jpg"></div>\r\n</div></p>\r\n\r\n<p>Với dòng Galaxy A 2017 này, Samsung đã có bước đi táo bạo khi quyết định mang những trải nghiệm cao cấp, chỉ có trên những chiếc smartphone flagship xuống phân khúc cận cao cấp. Đây là một lựa chọn đúng đắn của họ khi tại đây, cái tên đứng thứ hai trong “làng điện thoại” là Apple không chịu giảm giá thành để giúp nhiều người dùng được tận hưởng những tinh túy của dòng cao cấp.</p>\r\n\r\n<p>Mặt khác, những cái tên “có máu mặt” khác của thị trường smartphone thế giới như HTC hay Sony, LG vẫn còn đang phải chật vật vì không bán được điện thoại. Trong năm 2016, mảnh kinh doanh thiết bị di động của Sony thua lỗ tới 544 triệu USD, đánh chú ý nhất là Q3 khi doanh thu của họ giảm tới 35% so với cùng kỳ năm ngoái. HTC cũng đang gặp rất nhiều khó khăn khi Q4/2016 họ thua lỗ 116,8 triệu USD và doanh thu giảm 13% so với năm ngoái. LG Mobile Communications - mảng phụ trách kinh doanh smartphone của LG – cũng trong tình cảnh tương tự khi doanh thu Q4 giảm 23% khi đặt lên bàn cân với năm 2015. Chính vì vậy, họ đang gia sức chăm chút cho những dòng điện thoại cao cấp của mình và không còn sức để chăm chút tới phân khúc cận cao cấp ngay bên dưới.</p>\r\n\r\n<p>Đối thủ duy nhất của Samsung tại đây chỉ còn lại những công ty đến từ Trung Quốc. Dẫu vậy, khi đặt cả hai lên bàn cân, thắng bại đã quá rõ ràng. Đầu tiên, khi nói tới thương hiệu, chắc chắn người dùng sẽ lựa chọn Samsung vì đây là cái tên đã quá quen thuộc khi nắm giữ vị thế đầu tiên của thị phần smartphone toàn thế giới trong nhiều năm.</p>\r\n\r\n<p>Một điểm nổi bật khác là họ trang bị cho dòng Galaxy A vi xử lý Exynos 7880 “cây nhà lá vườn”, và công ty Hàn Quốc này đã quá nổi tiếng với khả năng tối ưu hóa giữa phần cứng và phần mềm để mang lại những trải nghiệm mượt mà nhất cho sản phẩm của mình. Không những thế, hệ thống bảo hành của ông lớn này cũng phủ sóng rộng rãi trên khắp thế giới nên người dùng hoàn toàn có thể yên tâm khi sắm cho mình một smartphone Samsung.</p>\r\n\r\n<p class="VCSortableInPreviewModeWrapper"><div class="VCSortableInPreviewMode" type="Photo" style="width: 640px;">\r\n<div><img src="http://channel.vcmedia.vn/prupload/441/2017/02/img20170221093617904.jpg" type="photo" style="max-width: 100%;" data-original="http://channel.vcmedia.vn/prupload/441/2017/02/img20170221093617904.jpg"></div>\r\n</div></p>\r\n\r\n<p>Ở bên kia cán cân, các nhà sản xuất luôn khoe mẽ rằng có cấu hình “khủng long”, chip 10 nhân hay camera lên tới 20 “chấm”, thế nhưng để sử dụng lâu dài thì liệu máy có còn ổn định? Chưa kể còn đó nỗi lo âu về phần mềm gián điệp, đánh cắp thông tin người dùng đã được cài sẵn trong máy. Và nếu máy có gặp lỗi thì cũng đành “chịu chết” dù có còn thời gian bảo hành, bởi những công ty này đều chưa có trụ sở, trung tâm tại Việt Nam nên muốn sửa chữa thì lại phải gửi sang Trung Quốc, biết bao lâu mới được cầm máy lại trên tay?</p>\r\n\r\n<p>“Kỳ phùng địch thủ” xứng tầm với Samsung thực chất chỉ còn mình Apple, tuy nhiên họ lại chẳng mảy may để tâm tới phân khúc cận cao cấp. Trong tương lai, khi công ty xứ kim chi này “trình làng” những sản phẩm mới chất lượng hơn nữa và thống trị nhóm đối tượng khách hàng này, Apple sẽ nhận ra sai lầm và sẽ phải suy nghĩ lại.</p>\r\n\r\n<p>Bởi một khi người đã cảm thấy quen thuộc và công nhận những giá trị mà smartphone của Samsung ở cận cao cấp mang lại, khi nâng cấp điện thoại họ sẽ lại tiếp tục tìm đến cái tên này mà thôi. Và lúc đó, ngay tại phân khúc cao cấp, Apple sẽ phải dè chừng Samsung.</p>\r\n\r\n</div>', 'Từ trước đến nay, Apple luôn nổi tiếng vì chất lượng sản phẩm và độ hoàn thiện thiết bị của họ đều rất cao. Tuy nhiên để làm được điều này, giá thành của chúng cũng cao hơn mặt bằng chung của thị trường rất nhiều.', '2017-02-20', 3, 11, 2),
(14, 'Chưa cần đến Galaxy S7 edge, chỉ riêng Galaxy A đã đủ khiến Apple dè chừng Samsung', '<div class="knc-content" id="ContentDetail">\r\n<p>Không chỉ vậy, “những thầy phù thủy xứ Cupertino” cũng được biết tới là hết sức “sang chảnh”, không bao giờ chịu ra mắt những smartphone hay tablet, laptop giá “mềm” mà chúng chỉ tự hạ khi thế hệ mới được ra mắt. Chắc hẳn ai ai cũng muốn sở hữu một chiếc điện thoại mang lại những trải nghiệm mà những “chú dế” flagship cao cấp có, thế nhưng không phải tất cả mọi người đều có đủ khả năng mở hầu bao chi trả một số tiền khá lớn cho smartphone.</p>\r\n\r\n<p class="VCSortableInPreviewModeWrapper"><div class="VCSortableInPreviewMode" type="Photo" style="width: 640px;">\r\n<div><img src="http://channel.vcmedia.vn/prupload/441/2017/02/img20170221093617727.jpg" type="photo" style="max-width: 100%;" data-original="http://channel.vcmedia.vn/prupload/441/2017/02/img20170221093617727.jpg"></div>\r\n</div></p>\r\n\r\n<p>Nắm bắt được tâm lý này, năm 2015, Samsung đã lần đầu tiên ra mắt dòng sản phẩm Galaxy A với thiết kế khung viền kim loại sang trọng, mang tính đột phá cùng với hiệu năng cao cấp không kém gì dòng Galaxy S và Galaxy Note của mình. Chưa đầy một năm sau, gã khổng lồ Hàn Quốc tiếp tục tấn công vào phân khúc cận cao cấp khi mang nhiều cải tiến mới cho Galaxy A 2016 như thiết kế hai mặt kính lấy cảm hứng từ smartphone đầu bảng Galaxy S6, Galaxy Note 5 cùng camera sắc nét, cảm biến vân tay cực nhạy.</p>\r\n\r\n<p>Năm nay, ông lớn xứ kim chi tiếp tục ưu ái trang bị cho dòng Galaxy A 2017 ngoại hình bắt mắt như “đàn anh” Galaxy S7/S7 edge với những đường cong mềm mại, lần đầu tiên xuất hiện camera selfie độ phân giải lên tới 16MP trên điện thoại nhà Samsung. A5/A7 phiên bản năm nay cũng là một trong những smartphone đầu tiên của họ thay thế cổng giao tiếp microUSB với cổng kết nối USB type C thời thượng, cho tốc độ truyền tải nhanh hơn cũng như thuận tiện khi sử dụng. Đặc biệt là chúng còn có khả năng chống nước, chống bụi đạt chuẩn IP68 – vượt mặt cả chiếc iPhone 7 “sang chảnh” của Táo khuyết khi chỉ có IP67.</p>\r\n\r\n<p class="VCSortableInPreviewModeWrapper"><div class="VCSortableInPreviewMode" type="Photo" style="width: 640px;">\r\n<div><img src="http://channel.vcmedia.vn/prupload/441/2017/02/img20170221093617806.jpg" type="photo" style="max-width: 100%;" data-original="http://channel.vcmedia.vn/prupload/441/2017/02/img20170221093617806.jpg"></div>\r\n</div></p>\r\n\r\n<p>Với dòng Galaxy A 2017 này, Samsung đã có bước đi táo bạo khi quyết định mang những trải nghiệm cao cấp, chỉ có trên những chiếc smartphone flagship xuống phân khúc cận cao cấp. Đây là một lựa chọn đúng đắn của họ khi tại đây, cái tên đứng thứ hai trong “làng điện thoại” là Apple không chịu giảm giá thành để giúp nhiều người dùng được tận hưởng những tinh túy của dòng cao cấp.</p>\r\n\r\n<p>Mặt khác, những cái tên “có máu mặt” khác của thị trường smartphone thế giới như HTC hay Sony, LG vẫn còn đang phải chật vật vì không bán được điện thoại. Trong năm 2016, mảnh kinh doanh thiết bị di động của Sony thua lỗ tới 544 triệu USD, đánh chú ý nhất là Q3 khi doanh thu của họ giảm tới 35% so với cùng kỳ năm ngoái. HTC cũng đang gặp rất nhiều khó khăn khi Q4/2016 họ thua lỗ 116,8 triệu USD và doanh thu giảm 13% so với năm ngoái. LG Mobile Communications - mảng phụ trách kinh doanh smartphone của LG – cũng trong tình cảnh tương tự khi doanh thu Q4 giảm 23% khi đặt lên bàn cân với năm 2015. Chính vì vậy, họ đang gia sức chăm chút cho những dòng điện thoại cao cấp của mình và không còn sức để chăm chút tới phân khúc cận cao cấp ngay bên dưới.</p>\r\n\r\n<p>Đối thủ duy nhất của Samsung tại đây chỉ còn lại những công ty đến từ Trung Quốc. Dẫu vậy, khi đặt cả hai lên bàn cân, thắng bại đã quá rõ ràng. Đầu tiên, khi nói tới thương hiệu, chắc chắn người dùng sẽ lựa chọn Samsung vì đây là cái tên đã quá quen thuộc khi nắm giữ vị thế đầu tiên của thị phần smartphone toàn thế giới trong nhiều năm.</p>\r\n\r\n<p>Một điểm nổi bật khác là họ trang bị cho dòng Galaxy A vi xử lý Exynos 7880 “cây nhà lá vườn”, và công ty Hàn Quốc này đã quá nổi tiếng với khả năng tối ưu hóa giữa phần cứng và phần mềm để mang lại những trải nghiệm mượt mà nhất cho sản phẩm của mình. Không những thế, hệ thống bảo hành của ông lớn này cũng phủ sóng rộng rãi trên khắp thế giới nên người dùng hoàn toàn có thể yên tâm khi sắm cho mình một smartphone Samsung.</p>\r\n\r\n<p class="VCSortableInPreviewModeWrapper"><div class="VCSortableInPreviewMode" type="Photo" style="width: 640px;">\r\n<div><img src="http://channel.vcmedia.vn/prupload/441/2017/02/img20170221093617904.jpg" type="photo" style="max-width: 100%;" data-original="http://channel.vcmedia.vn/prupload/441/2017/02/img20170221093617904.jpg"></div>\r\n</div></p>\r\n\r\n<p>Ở bên kia cán cân, các nhà sản xuất luôn khoe mẽ rằng có cấu hình “khủng long”, chip 10 nhân hay camera lên tới 20 “chấm”, thế nhưng để sử dụng lâu dài thì liệu máy có còn ổn định? Chưa kể còn đó nỗi lo âu về phần mềm gián điệp, đánh cắp thông tin người dùng đã được cài sẵn trong máy. Và nếu máy có gặp lỗi thì cũng đành “chịu chết” dù có còn thời gian bảo hành, bởi những công ty này đều chưa có trụ sở, trung tâm tại Việt Nam nên muốn sửa chữa thì lại phải gửi sang Trung Quốc, biết bao lâu mới được cầm máy lại trên tay?</p>\r\n\r\n<p>“Kỳ phùng địch thủ” xứng tầm với Samsung thực chất chỉ còn mình Apple, tuy nhiên họ lại chẳng mảy may để tâm tới phân khúc cận cao cấp. Trong tương lai, khi công ty xứ kim chi này “trình làng” những sản phẩm mới chất lượng hơn nữa và thống trị nhóm đối tượng khách hàng này, Apple sẽ nhận ra sai lầm và sẽ phải suy nghĩ lại.</p>\r\n\r\n<p>Bởi một khi người đã cảm thấy quen thuộc và công nhận những giá trị mà smartphone của Samsung ở cận cao cấp mang lại, khi nâng cấp điện thoại họ sẽ lại tiếp tục tìm đến cái tên này mà thôi. Và lúc đó, ngay tại phân khúc cao cấp, Apple sẽ phải dè chừng Samsung.</p>\r\n\r\n</div>', 'Từ trước đến nay, Apple luôn nổi tiếng vì chất lượng sản phẩm và độ hoàn thiện thiết bị của họ đều rất cao. Tuy nhiên để làm được điều này, giá thành của chúng cũng cao hơn mặt bằng chung của thị trường rất nhiều.', '2017-02-20', 3, 11, 2),
(15, 'Thông minh chưa hẳn đã sướng, khoa học chứng minh người thông minh quá thường gặp 5 "rắc rối" này', '<div class="knc-content" id="ContentDetail">\r\n<p>Dưới đây là 5 “rắc rối” lớn nhất mà những người thông quá thường hay gặp phải.</p>\r\n\r\n<p><strong>1. Luôn áp lực thành công</strong></p>\r\n\r\n<p>Người thông minh thường ở một thế cao hơn so với những người khác. Họ có thể quan sát và hiểu được những thứ mà mọi người xung quanh không thể hiểu được. Họ cũng có thể nhận thức một cách rõ ràng cuộc sống của mình phải tiến về đâu và phải đi theo hướng khác với mọi người mới được coi là thành công. Thành công đối với họ bao gồm một công việc tốt, kiếm thật nhiều tiền và một cuộc hôn nhân viên mãn.</p>\r\n\r\n<p>Nếu có bất cứ điều gì làm ảnh hưởng đến thành công của họ, chúng sẽ được coi như thảm họa. Người thông minh tự đặt áp lực lớn lên vai mình; do đó, nếu cuộc sống không diễn ra theo con đường mà họ lựa chọn, họ sẽ chỉ trích và tấn công bản thân.</p>\r\n\r\n<p><strong>2. Khó kết bạn</strong></p>\r\n\r\n<p class="VCSortableInPreviewModeWrapper"><div class="VCSortableInPreviewMode" type="Photo" style="width: 480px;">\r\n<div><img alt="" id="img_22ba15d0-f415-11e6-b433-e7450d5b93a9" photoid="22ba15d0-f415-11e6-b433-e7450d5b93a9" src="http://genknews.genkcdn.vn/2017/c67ae1b677b051fc801ab269a538aa680750a4ad-1487228225735.jpg" rel="http://genknews.genkcdn.vn/2017/c67ae1b677b051fc801ab269a538aa680750a4ad-1487228225735.jpg" type="photo" h="360" w="480" style="max-width:100%;" data-original="http://genknews.genkcdn.vn/2017/c67ae1b677b051fc801ab269a538aa680750a4ad-1487228225735.jpg"></div>\r\n\r\n<div class="PhotoCMS_Caption" style="width: 460px; margin: auto; padding: 0px;"></div>\r\n</div></p>\r\n\r\n<p>Người thông minh thường tìm kiếm người thông minh khác để kết bạn. Khi gặp một người lạ, họ sẽ đặt những câu hỏi trí tuệ và có phần hơi “thừa thãi” để xác định xem liệu đối phương có xứng đáng để kết bạn hay không. Thậm chí, ngay cả với những người có chung thói quen, sở thích và có tiềm năng trở thành bạn thân nhưng không chứng tỏ được sự thông minh cũng sẽ không thể trở thành bạn của họ.</p>\r\n\r\n<p>Điều này giải thích lý do vì sao người thông minh thường phải chịu cô đơn. Họ quen với việc sống một mình và lấy công việc làm niềm an ủi. Họ dành toàn bộ thời gian của mình để tạo ra những thành tựu đột phá, nhưng chính bản thân có thể rơi vào trầm cảm.</p>\r\n\r\n<p><strong>3. Quá cầu toàn</strong></p>\r\n\r\n<p>Người thông minh luôn phân tích ưu và nhược điểm của mọi vấn đề trước khi đưa ra quyết định. Đồng thời họ cũng biết điều gì có thể ngăn cản quyết định của mình. Lý do là bởi vì họ luôn phân tích thái quá và luôn đặt giả thuyết tốt hơn cho mọi trường hợp. Đa số người thông minh đều rất cầu toàn và họ muốn đảm bảo rằng mình nhận được thứ tốt nhất.</p>\r\n\r\n<p>Nếu là lãnh đạo của một nhóm hoặc tổ chức, đặc điểm này ở người thông minh có thể gây ra nhiều thảm họa. Hãy thử tưởng tượng, bạn có nhiệm vụ đưa ra quyết định cuối cùng về sứ mệnh của toàn bộ công ty để mọi người noi theo, nhưng bạn không thể quyết định giá trị cốt lõi là gì vì cố tìm kiếm sự hoàn hảo. Lúc đó, bạn sẽ chỉ càng khiến cho nhân viên nản lòng và bỏ cuộc mà thôi.</p>\r\n\r\n<p><strong>4. Bị chính sự thông minh lừa</strong></p>\r\n\r\n<p class="VCSortableInPreviewModeWrapper"><div class="VCSortableInPreviewMode IMSCurrentEditorEditObject" type="Photo" style="width: 500px;">\r\n<div><img alt="" id="img_32efb680-f415-11e6-a2b1-3d0c8270f085" photoid="32efb680-f415-11e6-a2b1-3d0c8270f085" src="http://genknews.genkcdn.vn/2017/einstein-1487228252046.jpg" rel="http://genknews.genkcdn.vn/2017/einstein-1487228252046.jpg" type="photo" h="500" w="500" style="max-width:100%;" data-original="http://genknews.genkcdn.vn/2017/einstein-1487228252046.jpg"></div>\r\n\r\n<div class="PhotoCMS_Caption" style="width: 480px; margin: auto; padding: 0px;"></div>\r\n</div></p>\r\n\r\n<p>Có rất nhiều trường hợp những người thông minh lại mắc bẫy bởi chính sự thông minh của mình. Chẳng hạn, người thông minh không bao giờ gặp khó khăn trong việc hiểu bất cứ vấn đề gì. Vì thế, khi họ cố gắng hướng dẫn một ai đó mà người kia không hiểu ra vấn đề, họ sẽ không thể tiếp tục hướng dẫn được nữa. Người thông minh luôn cảm thấy khó khăn để thông cảm hoặc tìm cách giúp người khác hiểu ra vấn đề.</p>\r\n\r\n<p>Trong một số trường hợp, người thông minh luôn tỏ ra quan trọng hóa vấn đề. Có những thứ rất đơn giản và là sự thật hiển nhiên, nhưng đối với họ, nó lại trở thành vấn đề lớn mà tất cả mọi người cần đề phòng.</p>\r\n\r\n<p><strong>5. Không hạnh phúc</strong></p>\r\n\r\n<p>Trong một số trường hợp, người thông minh cảm thấy bị “xa lánh” bởi chính sự thông minh của mình. Họ nói rằng, đôi khi ngu dốt lại là niềm hạnh phúc và cuộc sống của họ có lẽ sẽ dễ dàng hơn nếu như không quá thông minh. Nhưng khi giả vờ ngu ngốc, họ lại cảm thấy mình không sống thật với bản thân. Kết quả là người thông minh luôn rơi vào trạng thái luẩn quẩn và cảm thấy bế tắc với cuộc sống.</p>\r\n\r\n<p>Hạnh phúc chính là chấp nhận mọi thứ trong vũ trụ tự nhiên như nó vốn có. Vì thế, bạn đừng nghiêm trọng hóa vấn đề hay cố phân tích cuộc sống theo chiều hướng “khó hiểu hơn”. Điều này sẽ khiến bạn xa rời thực tế và luôn cho rằng cuộc sống của mình bất hạnh.</p>\r\n\r\n</div>', 'Ai cũng nghĩ rằng người thông minh sẽ gặp nhiều lợi thế trong cuộc sống, nhưng sự thật không phải lúc nào cũng đúng như vậy. Trên thực tế, người thông minh cũng gặp phải rất nhiều khó khăn và thử thách cần vượt qua.', '2017-02-21', 3, 11, 5),
(16, 'Dùng máy tính hơn 10 năm rồi mà giờ tôi mới biết cách chụp ảnh màn hình nhanh nhất trong Windows', '<div class="knc-content" id="ContentDetail">\r\n<p>Thao tác chụp ảnh màn hình trên Windows có lẽ không có gì phải học bởi lẽ bàn phím máy tính có sẵn 1 nút bấm mang tên "Print Screen" tức là chụp ảnh màn hình. Do đó trước tới nay chúng ta vẫn cho rằng cách bấm <strong>Print Screen</strong> sau đó mở <strong>Paint </strong>rồi nhấn <strong>Ctrl + V </strong>để dán vào và lưu lại là nhanh nhất.</p>\r\n\r\n<p class="VCSortableInPreviewModeWrapper"><div class="VCSortableInPreviewMode" type="Photo" style="width: 469px;">\r\n<div><img alt="" id="img_cc520ff0-f760-11e6-91a9-91ce504d7dc6" photoid="cc520ff0-f760-11e6-91a9-91ce504d7dc6" src="http://genknews.genkcdn.vn/2017/photo-0-1487590577329.png" rel="http://genknews.genkcdn.vn/2017/photo-0-1487590577329.png" type="photo" data-original="http://genknews.genkcdn.vn/2017/photo-0-1487590577329.png" w="469" h="278" style="cursor: none;"></div>\r\n\r\n<div class="PhotoCMS_Caption" style="width: 449px; margin: auto; padding: 0px;"></div>\r\n</div></p>\r\n\r\n<p>Hóa ra trên thực tế, WIndows có một tổ hợp phím giúp các bạn "chộp" được ảnh màn hình chỉ trong 1 lần bấm:</p>\r\n\r\n<p><strong>Windows + Print Screen</strong> chính là tổ hợp phím đó.</p>\r\n\r\n<p class="VCSortableInPreviewModeWrapper"><div class="VCSortableInPreviewMode" type="Photo" style="width: 630px;">\r\n<div><img alt="" id="img_53e13cd0-f760-11e6-91a9-91ce504d7dc6" photoid="53e13cd0-f760-11e6-91a9-91ce504d7dc6" src="http://genknews.genkcdn.vn/2017/a1-1487590377654.jpg" rel="http://genknews.genkcdn.vn/2017/a1-1487590377654.jpg" type="photo" h="475" w="630" style="max-width:100%;" data-original="http://genknews.genkcdn.vn/2017/a1-1487590377654.jpg"></div>\r\n\r\n<div class="PhotoCMS_Caption" style="width: 610px; margin: auto; padding: 0px;"></div>\r\n</div></p>\r\n\r\n<p>Tổ hợp phím nói trên sẽ vừa chụp lại hình ảnh toàn bộ màn hình và lưu luôn vào thư mục <i>Pictures\\ScreenShots</i> của máy tính. Thay vì phải tốn thêm thời gian mở Paint, dán file đã chụp và lưu lại.</p>\r\n\r\n<p>Các bạn cũng đừng quá buồn vì mình dùng máy tính lâu mà chưa biết thủ thuật này, đơn giản chỉ là các bạn ít chụp ảnh màn hình mà thôi!</p>\r\n\r\n</div>', 'Hóa ra cách chúng ta vẫn cho là đơn giản nhất để chụp ảnh màn hình trên windows vẫn còn rất phức tạp.', '2017-02-21', 3, 11, 10),
(17, 'Thông minh chưa hẳn đã sướng, khoa học chứng minh người thông minh quá thường gặp 5 "rắc rối" này', '<div class="knc-content" id="ContentDetail">\r\n<p>Dưới đây là 5 “rắc rối” lớn nhất mà những người thông quá thường hay gặp phải.</p>\r\n\r\n<p><strong>1. Luôn áp lực thành công</strong></p>\r\n\r\n<p>Người thông minh thường ở một thế cao hơn so với những người khác. Họ có thể quan sát và hiểu được những thứ mà mọi người xung quanh không thể hiểu được. Họ cũng có thể nhận thức một cách rõ ràng cuộc sống của mình phải tiến về đâu và phải đi theo hướng khác với mọi người mới được coi là thành công. Thành công đối với họ bao gồm một công việc tốt, kiếm thật nhiều tiền và một cuộc hôn nhân viên mãn.</p>\r\n\r\n<p>Nếu có bất cứ điều gì làm ảnh hưởng đến thành công của họ, chúng sẽ được coi như thảm họa. Người thông minh tự đặt áp lực lớn lên vai mình; do đó, nếu cuộc sống không diễn ra theo con đường mà họ lựa chọn, họ sẽ chỉ trích và tấn công bản thân.</p>\r\n\r\n<p><strong>2. Khó kết bạn</strong></p>\r\n\r\n<p class="VCSortableInPreviewModeWrapper"><div class="VCSortableInPreviewMode" type="Photo" style="width: 480px;">\r\n<div><img alt="" id="img_22ba15d0-f415-11e6-b433-e7450d5b93a9" photoid="22ba15d0-f415-11e6-b433-e7450d5b93a9" src="http://genknews.genkcdn.vn/2017/c67ae1b677b051fc801ab269a538aa680750a4ad-1487228225735.jpg" rel="http://genknews.genkcdn.vn/2017/c67ae1b677b051fc801ab269a538aa680750a4ad-1487228225735.jpg" type="photo" h="360" w="480" style="max-width:100%;" data-original="http://genknews.genkcdn.vn/2017/c67ae1b677b051fc801ab269a538aa680750a4ad-1487228225735.jpg"></div>\r\n\r\n<div class="PhotoCMS_Caption" style="width: 460px; margin: auto; padding: 0px;"></div>\r\n</div></p>\r\n\r\n<p>Người thông minh thường tìm kiếm người thông minh khác để kết bạn. Khi gặp một người lạ, họ sẽ đặt những câu hỏi trí tuệ và có phần hơi “thừa thãi” để xác định xem liệu đối phương có xứng đáng để kết bạn hay không. Thậm chí, ngay cả với những người có chung thói quen, sở thích và có tiềm năng trở thành bạn thân nhưng không chứng tỏ được sự thông minh cũng sẽ không thể trở thành bạn của họ.</p>\r\n\r\n<p>Điều này giải thích lý do vì sao người thông minh thường phải chịu cô đơn. Họ quen với việc sống một mình và lấy công việc làm niềm an ủi. Họ dành toàn bộ thời gian của mình để tạo ra những thành tựu đột phá, nhưng chính bản thân có thể rơi vào trầm cảm.</p>\r\n\r\n<p><strong>3. Quá cầu toàn</strong></p>\r\n\r\n<p>Người thông minh luôn phân tích ưu và nhược điểm của mọi vấn đề trước khi đưa ra quyết định. Đồng thời họ cũng biết điều gì có thể ngăn cản quyết định của mình. Lý do là bởi vì họ luôn phân tích thái quá và luôn đặt giả thuyết tốt hơn cho mọi trường hợp. Đa số người thông minh đều rất cầu toàn và họ muốn đảm bảo rằng mình nhận được thứ tốt nhất.</p>\r\n\r\n<p>Nếu là lãnh đạo của một nhóm hoặc tổ chức, đặc điểm này ở người thông minh có thể gây ra nhiều thảm họa. Hãy thử tưởng tượng, bạn có nhiệm vụ đưa ra quyết định cuối cùng về sứ mệnh của toàn bộ công ty để mọi người noi theo, nhưng bạn không thể quyết định giá trị cốt lõi là gì vì cố tìm kiếm sự hoàn hảo. Lúc đó, bạn sẽ chỉ càng khiến cho nhân viên nản lòng và bỏ cuộc mà thôi.</p>\r\n\r\n<p><strong>4. Bị chính sự thông minh lừa</strong></p>\r\n\r\n<p class="VCSortableInPreviewModeWrapper"><div class="VCSortableInPreviewMode IMSCurrentEditorEditObject" type="Photo" style="width: 500px;">\r\n<div><img alt="" id="img_32efb680-f415-11e6-a2b1-3d0c8270f085" photoid="32efb680-f415-11e6-a2b1-3d0c8270f085" src="http://genknews.genkcdn.vn/2017/einstein-1487228252046.jpg" rel="http://genknews.genkcdn.vn/2017/einstein-1487228252046.jpg" type="photo" h="500" w="500" style="max-width:100%;" data-original="http://genknews.genkcdn.vn/2017/einstein-1487228252046.jpg"></div>\r\n\r\n<div class="PhotoCMS_Caption" style="width: 480px; margin: auto; padding: 0px;"></div>\r\n</div></p>\r\n\r\n<p>Có rất nhiều trường hợp những người thông minh lại mắc bẫy bởi chính sự thông minh của mình. Chẳng hạn, người thông minh không bao giờ gặp khó khăn trong việc hiểu bất cứ vấn đề gì. Vì thế, khi họ cố gắng hướng dẫn một ai đó mà người kia không hiểu ra vấn đề, họ sẽ không thể tiếp tục hướng dẫn được nữa. Người thông minh luôn cảm thấy khó khăn để thông cảm hoặc tìm cách giúp người khác hiểu ra vấn đề.</p>\r\n\r\n<p>Trong một số trường hợp, người thông minh luôn tỏ ra quan trọng hóa vấn đề. Có những thứ rất đơn giản và là sự thật hiển nhiên, nhưng đối với họ, nó lại trở thành vấn đề lớn mà tất cả mọi người cần đề phòng.</p>\r\n\r\n<p><strong>5. Không hạnh phúc</strong></p>\r\n\r\n<p>Trong một số trường hợp, người thông minh cảm thấy bị “xa lánh” bởi chính sự thông minh của mình. Họ nói rằng, đôi khi ngu dốt lại là niềm hạnh phúc và cuộc sống của họ có lẽ sẽ dễ dàng hơn nếu như không quá thông minh. Nhưng khi giả vờ ngu ngốc, họ lại cảm thấy mình không sống thật với bản thân. Kết quả là người thông minh luôn rơi vào trạng thái luẩn quẩn và cảm thấy bế tắc với cuộc sống.</p>\r\n\r\n<p>Hạnh phúc chính là chấp nhận mọi thứ trong vũ trụ tự nhiên như nó vốn có. Vì thế, bạn đừng nghiêm trọng hóa vấn đề hay cố phân tích cuộc sống theo chiều hướng “khó hiểu hơn”. Điều này sẽ khiến bạn xa rời thực tế và luôn cho rằng cuộc sống của mình bất hạnh.</p>\r\n\r\n</div>', 'Ai cũng nghĩ rằng người thông minh sẽ gặp nhiều lợi thế trong cuộc sống, nhưng sự thật không phải lúc nào cũng đúng như vậy. Trên thực tế, người thông minh cũng gặp phải rất nhiều khó khăn và thử thách cần vượt qua.', '2017-02-21', 3, 11, 5),
(18, 'Dùng máy tính hơn 10 năm rồi mà giờ tôi mới biết cách chụp ảnh màn hình nhanh nhất trong Windows', '<div class="knc-content" id="ContentDetail">\r\n<p>Thao tác chụp ảnh màn hình trên Windows có lẽ không có gì phải học bởi lẽ bàn phím máy tính có sẵn 1 nút bấm mang tên "Print Screen" tức là chụp ảnh màn hình. Do đó trước tới nay chúng ta vẫn cho rằng cách bấm <strong>Print Screen</strong> sau đó mở <strong>Paint </strong>rồi nhấn <strong>Ctrl + V </strong>để dán vào và lưu lại là nhanh nhất.</p>\r\n\r\n<p class="VCSortableInPreviewModeWrapper"><div class="VCSortableInPreviewMode" type="Photo" style="width: 469px;">\r\n<div><img alt="" id="img_cc520ff0-f760-11e6-91a9-91ce504d7dc6" photoid="cc520ff0-f760-11e6-91a9-91ce504d7dc6" src="http://genknews.genkcdn.vn/2017/photo-0-1487590577329.png" rel="http://genknews.genkcdn.vn/2017/photo-0-1487590577329.png" type="photo" data-original="http://genknews.genkcdn.vn/2017/photo-0-1487590577329.png" w="469" h="278" style="cursor: none;"></div>\r\n\r\n<div class="PhotoCMS_Caption" style="width: 449px; margin: auto; padding: 0px;"></div>\r\n</div></p>\r\n\r\n<p>Hóa ra trên thực tế, WIndows có một tổ hợp phím giúp các bạn "chộp" được ảnh màn hình chỉ trong 1 lần bấm:</p>\r\n\r\n<p><strong>Windows + Print Screen</strong> chính là tổ hợp phím đó.</p>\r\n\r\n<p class="VCSortableInPreviewModeWrapper"><div class="VCSortableInPreviewMode" type="Photo" style="width: 630px;">\r\n<div><img alt="" id="img_53e13cd0-f760-11e6-91a9-91ce504d7dc6" photoid="53e13cd0-f760-11e6-91a9-91ce504d7dc6" src="http://genknews.genkcdn.vn/2017/a1-1487590377654.jpg" rel="http://genknews.genkcdn.vn/2017/a1-1487590377654.jpg" type="photo" h="475" w="630" style="max-width:100%;" data-original="http://genknews.genkcdn.vn/2017/a1-1487590377654.jpg"></div>\r\n\r\n<div class="PhotoCMS_Caption" style="width: 610px; margin: auto; padding: 0px;"></div>\r\n</div></p>\r\n\r\n<p>Tổ hợp phím nói trên sẽ vừa chụp lại hình ảnh toàn bộ màn hình và lưu luôn vào thư mục <i>Pictures\\ScreenShots</i> của máy tính. Thay vì phải tốn thêm thời gian mở Paint, dán file đã chụp và lưu lại.</p>\r\n\r\n<p>Các bạn cũng đừng quá buồn vì mình dùng máy tính lâu mà chưa biết thủ thuật này, đơn giản chỉ là các bạn ít chụp ảnh màn hình mà thôi!</p>\r\n\r\n</div>', 'Hóa ra cách chúng ta vẫn cho là đơn giản nhất để chụp ảnh màn hình trên windows vẫn còn rất phức tạp.', '2017-02-21', 3, 11, 10);

--
-- Chỉ mục cho các bảng đã đổ
--

--
-- Chỉ mục cho bảng `quan_tri_vien`
--
ALTER TABLE `quan_tri_vien`
  ADD PRIMARY KEY (`Ma_tai_khoan`);

--
-- Chỉ mục cho bảng `the_loai`
--
ALTER TABLE `the_loai`
  ADD PRIMARY KEY (`Ma_the_loai`);

--
-- Chỉ mục cho bảng `the_loai_chi_tiet`
--
ALTER TABLE `the_loai_chi_tiet`
  ADD PRIMARY KEY (`Ma_the_loai_chi_tiet`),
  ADD KEY `Ma_the_loai` (`Ma_the_loai`);

--
-- Chỉ mục cho bảng `tin_tuc`
--
ALTER TABLE `tin_tuc`
  ADD PRIMARY KEY (`Ma_tin_tuc`),
  ADD KEY `Ma_the_loai_chi_tiet` (`Ma_the_loai_chi_tiet`),
  ADD KEY `Ma_nguoi_dang` (`Ma_tai_khoan`);

--
-- AUTO_INCREMENT cho các bảng đã đổ
--

--
-- AUTO_INCREMENT cho bảng `quan_tri_vien`
--
ALTER TABLE `quan_tri_vien`
  MODIFY `Ma_tai_khoan` int(11) NOT NULL AUTO_INCREMENT, AUTO_INCREMENT=7;
--
-- AUTO_INCREMENT cho bảng `the_loai_chi_tiet`
--
ALTER TABLE `the_loai_chi_tiet`
  MODIFY `Ma_the_loai_chi_tiet` int(11) NOT NULL AUTO_INCREMENT, AUTO_INCREMENT=19;
--
-- AUTO_INCREMENT cho bảng `tin_tuc`
--
ALTER TABLE `tin_tuc`
  MODIFY `Ma_tin_tuc` int(11) NOT NULL AUTO_INCREMENT, AUTO_INCREMENT=19;
--
-- Các ràng buộc cho các bảng đã đổ
--

--
-- Các ràng buộc cho bảng `the_loai_chi_tiet`
--
ALTER TABLE `the_loai_chi_tiet`
  ADD CONSTRAINT `the_loai_chi_tiet_ibfk_1` FOREIGN KEY (`Ma_the_loai`) REFERENCES `the_loai` (`Ma_the_loai`);

--
-- Các ràng buộc cho bảng `tin_tuc`
--
ALTER TABLE `tin_tuc`
  ADD CONSTRAINT `tin_tuc_ibfk_1` FOREIGN KEY (`Ma_the_loai_chi_tiet`) REFERENCES `the_loai_chi_tiet` (`Ma_the_loai_chi_tiet`),
  ADD CONSTRAINT `tin_tuc_ibfk_2` FOREIGN KEY (`Ma_tai_khoan`) REFERENCES `quan_tri_vien` (`Ma_tai_khoan`);

/*!40101 SET CHARACTER_SET_CLIENT=@OLD_CHARACTER_SET_CLIENT */;
/*!40101 SET CHARACTER_SET_RESULTS=@OLD_CHARACTER_SET_RESULTS */;
/*!40101 SET COLLATION_CONNECTION=@OLD_COLLATION_CONNECTION */;
